[
  {
    "collection": "users",
    "documents": [
      {
        "_id": {
          "$oid": "60a5b6d4f9b1c8b7d6e5f4c3"
        },
        "username": "thomas",
        "email": "thomas@workit.com",
        "password": "password123",
        "fullName": "Thomas Bernard",
        "isFreelancer": true,
        "profilePicture": "https://randomuser.me/api/portraits/men/32.jpg",
        "bio": "Développeur full stack avec 5 ans d'expérience",
        "skills": ["React", "Node.js", "TypeScript", "MongoDB"],
        "location": "Tunis, Tunisie",
        "contactInfo": "thomas@workit.com",
        "joinedDate": {
          "$date": "2021-05-10T00:00:00Z"
        },
        "isAdmin": false,
        "createdAt": {
          "$date": "2021-05-10T00:00:00Z"
        },
        "updatedAt": {
          "$date": "2021-05-10T00:00:00Z"
        }
      },
      {
        "_id": {
          "$oid": "60b5c7e5f0a2d9c8e7f6a5b4"
        },
        "username": "julie",
        "email": "julie@workit.com",
        "password": "password123",
        "fullName": "Julie Moreau",
        "isFreelancer": true,
        "profilePicture": "https://randomuser.me/api/portraits/women/44.jpg",
        "bio": "Rédactrice SEO et copywriter professionnelle",
        "skills": ["SEO", "Copywriting", "Content Strategy", "Blogging"],
        "location": "Sousse, Tunisie",
        "contactInfo": "julie@workit.com",
        "joinedDate": {
          "$date": "2021-06-15T00:00:00Z"
        },
        "isAdmin": false,
        "createdAt": {
          "$date": "2021-06-15T00:00:00Z"
        },
        "updatedAt": {
          "$date": "2021-06-15T00:00:00Z"
        }
      },
      {
        "_id": {
          "$oid": "60c5d8f6g1b3e0d9f8g7b6c5"
        },
        "username": "client",
        "email": "client@workit.com",
        "password": "password123",
        "fullName": "Client Test",
        "isFreelancer": false,
        "profilePicture": "https://randomuser.me/api/portraits/men/67.jpg",
        "bio": "Entrepreneur à la recherche de talents",
        "skills": [],
        "location": "Sfax, Tunisie",
        "contactInfo": "client@workit.com",
        "joinedDate": {
          "$date": "2021-07-20T00:00:00Z"
        },
        "isAdmin": false,
        "createdAt": {
          "$date": "2021-07-20T00:00:00Z"
        },
        "updatedAt": {
          "$date": "2021-07-20T00:00:00Z"
        }
      }
    ]
  },
  {
    "collection": "services",
    "documents": [
      {
        "_id": {
          "$oid": "61a5b6d4f9b1c8b7d6e5f4c3"
        },
        "title": "Développement d'application web React",
        "description": "Création d'applications web modernes et réactives avec React et Next.js",
        "price": 200,
        "category": "web",
        "subcategory": "frontend",
        "features": ["Interface responsive", "API RESTful", "Authentification"],
        "deliveryTime": 10,
        "revisions": "3",
        "userId": {
          "$oid": "60a5b6d4f9b1c8b7d6e5f4c3"
        },
        "image": "https://images.unsplash.com/photo-1593720213428-28a5b9e94613?w=600&auto=format&fit=crop&q=60&ixlib=rb-4.0.3&ixid=M3wxMjA3fDB8MHxzZWFyY2h8Mnx8d2ViJTIwZGV2ZWxvcG1lbnR8ZW58MHx8MHx8fDA%3D",
        "gallery": [
          "https://images.unsplash.com/photo-1593720213428-28a5b9e94613?w=800",
          "https://images.unsplash.com/photo-1547658719-da2b51169166?w=800"
        ],
        "createdAt": {
          "$date": "2022-01-15T00:00:00Z"
        },
        "updatedAt": {
          "$date": "2022-01-15T00:00:00Z"
        }
      },
      {
        "_id": {
          "$oid": "61b5c7e5f0a2d9c8e7f6a5b4"
        },
        "title": "Création d'applications mobiles iOS et Android",
        "description": "Développement d'applications mobiles cross-platform avec React Native",
        "price": 300,
        "category": "mobile",
        "subcategory": "react-native",
        "features": ["UI native", "Notifications push", "Offline mode"],
        "deliveryTime": 15,
        "revisions": "2",
        "userId": {
          "$oid": "60a5b6d4f9b1c8b7d6e5f4c3"
        },
        "image": "https://images.unsplash.com/photo-1581291518633-83b4ebd1d83e?w=600&auto=format&fit=crop&q=60&ixlib=rb-4.0.3&ixid=M3wxMjA3fDB8MHxzZWFyY2h8MTB8fG1vYmlsZSUyMGFwcHxlbnwwfHwwfHx8MA%3D%3D",
        "gallery": [
          "https://images.unsplash.com/photo-1581291518633-83b4ebd1d83e?w=800",
          "https://images.unsplash.com/photo-1551650975-87deedd944c3?w=800"
        ],
        "createdAt": {
          "$date": "2022-02-10T00:00:00Z"
        },
        "updatedAt": {
          "$date": "2022-02-10T00:00:00Z"
        }
      },
      {
        "_id": {
          "$oid": "61c5d8f6g1b3e0d9f8g7b6c5"
        },
        "title": "Rédaction SEO et copywriting",
        "description": "Création de contenu optimisé pour les moteurs de recherche et engageant pour vos utilisateurs",
        "price": 80,
        "category": "writing",
        "subcategory": "seo",
        "features": ["Recherche de mots-clés", "Optimisation SEO", "Style captivant"],
        "deliveryTime": 3,
        "revisions": "5",
        "userId": {
          "$oid": "60b5c7e5f0a2d9c8e7f6a5b4"
        },
        "image": "https://images.unsplash.com/photo-1499750310107-5fef28a66643?w=600&auto=format&fit=crop&q=60&ixlib=rb-4.0.3&ixid=M3wxMjA3fDB8MHxzZWFyY2h8MTN8fHdyaXRpbmd8ZW58MHx8MHx8fDA%3D",
        "gallery": [
          "https://images.unsplash.com/photo-1499750310107-5fef28a66643?w=800",
          "https://images.unsplash.com/photo-1455390582262-044cdead277a?w=800"
        ],
        "createdAt": {
          "$date": "2022-03-05T00:00:00Z"
        },
        "updatedAt": {
          "$date": "2022-03-05T00:00:00Z"
        }
      }
    ]
  },
  {
    "collection": "jobs",
    "documents": [
      {
        "_id": {
          "$oid": "62a5b6d4f9b1c8b7d6e5f4c3"
        },
        "title": "Développement d'une application e-commerce",
        "description": "Nous recherchons un développeur pour créer une application e-commerce complète avec panier d'achat, paiement et suivi des commandes.",
        "category": "web",
        "budget": 2500,
        "deadline": {
          "$date": "2023-08-30T00:00:00Z"
        },
        "skills": ["React", "Node.js", "MongoDB", "Stripe"],
        "location": "Tunis, Tunisie",
        "isRemote": true,
        "status": "open",
        "userId": {
          "$oid": "60c5d8f6g1b3e0d9f8g7b6c5"
        },
        "createdAt": {
          "$date": "2023-06-10T00:00:00Z"
        },
        "updatedAt": {
          "$date": "2023-06-10T00:00:00Z"
        }
      },
      {
        "_id": {
          "$oid": "62b5c7e5f0a2d9c8e7f6a5b4"
        },
        "title": "Rédaction d'articles de blog sur la technologie",
        "description": "Nous avons besoin d'un rédacteur pour créer 10 articles de blog de haute qualité sur les tendances technologiques actuelles.",
        "category": "writing",
        "budget": 500,
        "deadline": {
          "$date": "2023-07-30T00:00:00Z"
        },
        "skills": ["SEO", "Copywriting", "Tech Writing"],
        "location": "",
        "isRemote": true,
        "status": "open",
        "userId": {
          "$oid": "60c5d8f6g1b3e0d9f8g7b6c5"
        },
        "createdAt": {
          "$date": "2023-06-05T00:00:00Z"
        },
        "updatedAt": {
          "$date": "2023-06-05T00:00:00Z"
        }
      }
    ]
  }
]
